title,price,rating,reviews,size
"CIVAGO 32 oz Glass Water Bottle with Straw and Handle, Large Sports Motivational Water Bottle Flask with Time Marker and 2 Lids, Leakproof Water Jug Canteen with Silicone Sleeve for Gym,Black",$14.95,4.5 out of 5 stars,"2,022 ratings",32 Ounces
"Clear Glass Bottles with Lids 18 oz, Reusable Glass Water Bottles with Stainless Steel Cap for Juicing, Refrigerator,100% Leak Proof, BPA Free, Juice Water Bottle Set of 6",,4.6 out of 5 stars,"3,176 ratings",18oz glass 6pack
"Sursip Glass Juice Bottles 6 Pack 16 oz – Wide Mouth Reusable Bottles with Stainless Steel Lids – Heat-Resistant Borosilicate Glass, BPA Free, Leakproof for Juicing, Smoothies, Milk, Infused Water",$36.99,4.7 out of 5 stars,18 ratings,Clear-6set/16oz
3 Packs Glass Water Bottles with Lid Clear Juice Bottles Reusable Bottle with Stainless Steel Cap Glass Cups Liquid Storage Containers for Juicing Beverage Refrigerator Travel-18oz,$9.99,4.5 out of 5 stars,248 ratings,
"Epica glass bottles with lids – 18oz glass water bottles, reusable juice jar with lids for storing juices, reusable water bottle durable & ecofriendly set of 6",,4.3 out of 5 stars,"24,530 ratings",Glass Bottles 18 oz.
"Sursip 18oz Glass Water Bottle Set of 6, Clear glass juice bottle for juicing，Reusable Drinking Bottles with Stainless Steel Lid，Beverage Storage Containers for Refrigerator-BPA Free，Leak Proof",,4.3 out of 5 stars,581 ratings,Clear-6set/18oz
"18 Oz Glass Bottles, 4 Pack Glass Juice Bottles with Lids, BPA Free, Borosilicate Glass, Leak Proof Lids for Juicing, Smoothies, Infused Water, Beverage Storage, Shaker Bottles",$27.99,5.0 out of 5 stars,6 ratings,18 oz
"64 oz Glass Water Bottle With Straw and Handle, Half Gallon Sports Motivational Water Jug Flask with Silicone Sleeve, Large Water Cup with Time Marker for Travel, Gym, Black",$18.39,4.5 out of 5 stars,476 ratings,Black
"Ello Syndicate Glass Water Bottle with One-Touch Flip Lid, Grey , 20-ounce",,4.3 out of 5 stars,"1,712 ratings",Grey
"veegoal 25 Oz Borosilicate Glass Water Bottles with Bamboo Lid, BPA-FREE, Non-Slip Silicone Sleeve, and Stainless Steel Leak Proof Lid - Reusable Glass Bottle for Men and Women",,4.3 out of 5 stars,"4,117 ratings",25 Ounces
sunkey Glass Water Bottle 32 oz High Borosilicate with Neoprene Sleeve Leak Proof Lid Reusable Eco Friendly Bpa Free,$16.99,4.4 out of 5 stars,"1,221 ratings",
"18 OZ Glass Water Bottles, Water Bottle with Time Marker, Leakproof Glass Water Bottles with Silicone Sleeves, Suitable for Offices and Gyms. (pink)",$9.99,4.5 out of 5 stars,45 ratings,pink
JoyJolt Spring Glass Water Bottles Set of 6-18 oz Glass Bottles with Stainless Steel Caps - Glass Drinking Bottles with Leakproof Lids - Reusable Glass Juice Bottle - Container Bottle Set,,4.3 out of 5 stars,"1,574 ratings",
"MUKOKO 32oz Glass Water Bottles with 2 Lids-Handle Spout Lid&Bamboo Straw Lid, Motivational Water Tumbler with Time Marker Reminder and Silicone Sleeve, Leakproof-Olive-1 Pack",$23.99,4.5 out of 5 stars,"2,778 ratings",Olive
"PROBTTL Glass Water Bottles 32 oz, 1 Liter Glass Tumbler, Borosilicate Water Bottle with Straw, Silicone Sleeve, 2 Lids - Handle Spout & Bamboo Straw Lid, Fits Car Cup Holder",$21.59,4.3 out of 5 stars,58 ratings,Olive
"YEBODA Glass Water Bottles 18oz Bottles For Beverage and Juicer Use Stainless Steel Caps - Including Colorful Nylon Protection Sleeve,Pack Of 6",$21.84,4.3 out of 5 stars,"3,973 ratings",
"Clear Glass Bottles with Lids 6pcs Set 18oz,Reusable Glass Water Bottle with Stainless Steel Cap, 100% Leak Proof,Can be Used for Fruit Juice, Tea, Water, etc",$18.88,4.3 out of 5 stars,174 ratings,
"Flip Top Glass Bottle [1 Liter / 33 fl. oz.] [Pack of 6] – Swing Brewing with Stopper for Beverages, Oil, Vinegar, Kombucha, Beer, Water, Soda, Kefir Airtight Lid & Leak Proof Cap Clear",$33.99,4.6 out of 5 stars,"4,807 ratings",6
"PROBTTL Borosilicate Glass Water Bottle with Time Marker Reminder Quotes, 1 Liter Leak Proof Reusable BPA Free Motivational Water Bottles with Silicone Sleeve and Bamboo Lid",,4.3 out of 5 stars,"4,810 ratings",Select Size
"32 oz Glass Water Bottles - 1 Liter Motivational Tumbler With Time Marker - Borosilicate Glass With Silicone Sleeve and 2 Lids, Handle Spout & Bamboo Straw Lid",$23.99,4.4 out of 5 stars,553 ratings,32 Ounces
"64 OZ Glass Water Bottle - Large Resuable Borosilicate Wide Mouth Glass Drinking Bottles With Time Mark, Sleeve, BPA Free",$19.99,4.3 out of 5 stars,924 ratings,64 OZ
"Lifefactory 22-Ounce Active Flip Cap Glass Water Bottle, 22oz, Carbon",,4.3 out of 5 stars,378 ratings,22 Ounces
"W&P Porter Glass Water Bottle w/ Protective Silicone Sleeve | Charcoal 20 Ounces | On-the-Go | Reusable Bottle for Coffee, Tea and Water | Portable | Dishwasher Safe",$30.00,4.3 out of 5 stars,"2,239 ratings",Water Bottle
64oz Glass Water Bolttles with Straw Half Gallon Large Motivational Water Bottle with Time Marker Sports Water Bottles with Silicone Sleeve and Handle Lid Water Jug for Gym Workout,,4.5 out of 5 stars,604 ratings,64 Ounces
"Encheng Glass Water Bottles,16oz Glass Drinking Bottle With Leakproof Stainless Steel Cap,Reusable Juice Bottles Beverage Drinkware,To Go Travel Bottles For Drink,Sauce,8Pack",$21.99,4.3 out of 5 stars,"1,724 ratings",
"Blex 34 Oz Borosilicate Glass Water Bottle | Glass Bottle with Leak-Proof Steel Lid, Non-Slip Sleeve, Handle | BPA-Free, Non-Toxic, Thermal Stable, Perfect for Home, Gym, or Travel",$21.99,4.3 out of 5 stars,78 ratings,Black Silicone Sleeve
"Nefeeko 32 oz Glass Water Bottles with Straw, Time Marker, Motivational 1 Liter BPA FREE Leakproof Reusable Glass Water Bottle with Silicone Sleeve, Bamboo, Spout Lid",,4.3 out of 5 stars,"1,035 ratings",Black
"Juice Bottles - 4 Pack Wide Mouth Glass Bottles with Lids - for Juicing, Smoothies, Infused Water, Beverage Storage - 16oz, BPA Free, Stainless Steel Lids, Leakproof, Reusable, Borosilicate",$39.99,4.5 out of 5 stars,"2,105 ratings",16 oz
"FastRack Glass Water Bottle Includes 38 mm Polyseal Cap, 1 gallon Capacity, Clear",$17.13,4.3 out of 5 stars,"5,836 ratings",128 Ounces
"Bormioli Rocco Officina Water Bottle | 37.25 oz, Italian Glass Pitcher | Airtight Seal & Metal Clamp | Easy To Carry Handle, Dishwasher Safe & Eco-Friendly | Safe For Infused & Carbonated Drinks",$16.01,4.3 out of 5 stars,"3,820 ratings",37.3 Ounces
"25 Oz Glass Water Bottle with Bamboo Lid - Borosilicate Glass Water Bottles with Sleeve, Wide Mouth and Dishwasher Safe Water Bottle Glass - Bonus 1x Brush(Charcoal Grey)",$21.99,4.3 out of 5 stars,"4,530 ratings",25 Ounces
"Encheng Vintage Water Bottles,Glass Drinking Bottles 16oz,Square Beverage 500ml With Lids For Kombucha,Tea,Glass Homemade Drinks,Travel Reusable Milk Juiceing 20Pack",$27.99,4.7 out of 5 stars,"2,414 ratings",Black
"8 Pack [1 L / 33 fl. oz.] Swing Top Glass Bottles w/ Airtight Stopper Lids – Flip Top Brewing Bottle for Fermentation, Kombucha, Mead, Vinegar, Beer, Kefir, Wine, Soda – With 8 Extra Seals & 2 Pourers",$30.98,4.7 out of 5 stars,"1,367 ratings",8
"BLUEGO 64oz Glass Water Bottles with Straw Time Marker Half Gallon Large Motivational Water Bottle with Silicone Sleeve 2 Liter Large Glass Water Jug Daily, Black",$29.99,4.5 out of 5 stars,"2,268 ratings",Black
GIEMIT Glass Water Bottles 32oz with Silicone Sleeve Drinking Hydration Bottles Reusable Borosilicate Wide Mouth Motivational Water Flask Canteen with Time Marker Spout Lid and Brush,$15.98,4.5 out of 5 stars,713 ratings,Black - 32 oz
"12 Pack Glass Water Bottles, 16oz Clear Glass with Stainless Steel Lids, Reusable Drink Bottles for Juices, Smoothies, Tea, Water, Beverages",,4.3 out of 5 stars,152 ratings,12pack- 16oz
"18 oz Clear Glass Juice Bottles with Lids and Silicone Sleeve, Reusable Glass Water Bottles with Stainless Steel Cap for Juicing, Refrigerator,100% Leak Proof, BPA Free, Set of 6",,4.6 out of 5 stars,233 ratings,silicone sleeve-6pack
"Lifefactory 22-Ounce BPA-Free Glass Water Bottle with Classic Cap and Protective Silicone Sleeve, Onyx",$22.99,4.3 out of 5 stars,"2,611 ratings",22 Ounces
"MUKOKO 24oz Glass Water Bottle with 2 Lids-Handle Flip Lid&Bamboo Straw Lid,Motivational Water Tumbler with Time Marker Reminder and Silicone Sleeve, Leakproof-Blue",,4.5 out of 5 stars,971 ratings,Bule
74 oz Glass Water Bolttles with Straw Large Motivational Water Bottle with Time Marker Sports Water Bottles with Silicone Sleeve and Handle Lid 2.2L Water Jug for Gym Workout,$31.99,4.5 out of 5 stars,447 ratings,Olive
32 oz Glass Water Bottle with Straw - Motivational Time Marker & Silicone Sleeve - Reusable Tumbler Includes 2 Bamboo Lids & Fruit Infuser - 1 Pack,$23.99,4.5 out of 5 stars,776 ratings,Olive - 1pack
"Glass Tumbler with Lid and Straw, 46 oz Iced Coffee Cup with Handle, Glass Water Bottles with Silicone Sleeve, Glass Cup with Straws - Pearl Straw & Drinking Straw BPA Free-Amber",$29.99,4.6 out of 5 stars,847 ratings,Amber
"Lifefactory 22-Ounce Glass Water Bottle with Active Flip Cap and Protective Silicone Sleeve, Plum",$24.99,4.4 out of 5 stars,"2,184 ratings",22 Ounces
"HYDRATE Glass Water Bottle with Silicone Sleeve 25 oz - Gym Drinking Bottles with Leak Proof Bamboo Lid - Clear Borocilicate Glass Water Bottles (10 x 3 inches, Blue)",$7.99,4.6 out of 5 stars,143 ratings,Blue
"32 oz Glass Water Bottles with 2 Lids-Handle Spout Lid & Straw Lid, 1 Liter Motivational Borosilicate Water Bottle with Time Marker and Silicone Sleeve,Leakproof-Olive-1 Pack",$23.99,4.3 out of 5 stars,341 ratings,32 Ounces
